FranjaHoraria,HoraSegundos,TiempoEntreArribos
1,0,22.61306697
1,22.61306697,14.99788602
1,37.61095299,29.93514167
1,67.54609466,80.10026894
1,147.6463636,16.24773852
1,163.8941021,2.955574843
1,166.849677,2.0496846
1,168.8993616,4.277887942
1,173.1772495,17.73956137
1,190.9168109,32.90452285
1,223.8213337,7.509615336
1,231.3309491,3.703939974
1,235.034889,23.89737348
1,258.9322625,14.70558598
1,273.6378485,8.76760002
1,282.4054485,25.24294468
1,307.6483932,0.617481926
1,308.2658751,9.533357783
1,317.7992329,4.12172837
1,321.9209613,9.80235487
1,331.7233161,15.88246664
1,347.6057828,3.381643382
1,350.9874262,25.78094138
1,376.7683675,0.678049201
1,377.4464167,8.199389961
1,385.6458067,14.20834721
1,399.8541539,3.189737272
1,403.0438912,24.32320976
1,427.3671009,35.89107516
1,463.2581761,19.76338193
1,483.021558,10.42125373
1,493.4428118,60.04121011
1,553.4840219,7.858073447
1,561.3420953,9.526372047
1,570.8684674,48.58363784
1,619.4521052,17.37321744
1,636.8253226,2.435235073
1,639.2605577,3.110642403
1,642.3712001,3.871037232
1,646.2422373,32.98856051
1,679.2307979,8.14501134
1,687.3758092,19.85744706
1,707.2332563,3.747910351
1,710.9811666,3.497270157
1,714.4784368,28.72013824
1,743.198575,8.838351668
1,752.0369267,3.452506386
1,755.4894331,9.4670338
1,764.9564669,14.82793134
1,779.7843982,7.612978298
1,787.3973765,0.170190842
1,787.5675673,8.731716813
1,796.2992841,0.901825862
1,797.20111,14.64345044
1,811.8445604,6.424392309
1,818.2689528,8.94634804
1,827.2153008,6.729290292
1,833.9445911,5.193795822
1,839.1383869,6.734754185
1,845.8731411,17.32513638
1,863.1982775,5.416807304
1,868.6150848,77.17744767
1,945.7925325,4.276264708
1,950.0687972,0.917692389
1,950.9864896,7.611604357
1,958.5980939,2.590822638
1,961.1889165,3.913489426
1,965.102406,4.964691022
1,970.067097,2.833845904
1,972.9009429,10.11800528
1,983.0189482,11.58073336
1,994.5996815,11.24159234
1,1005.841274,7.895637727
1,1013.736912,0.881933368
1,1014.618845,12.49479045
1,1027.113635,0.016558312
1,1027.130194,23.02814855
1,1050.158342,0.835684074
1,1050.994026,0.686249905
1,1051.680276,6.534640812
1,1058.214917,14.58599239
1,1072.800909,4.4246933
1,1077.225603,7.147467043
1,1084.37307,4.610732652
1,1088.983802,6.958250069
1,1095.942053,0.076252937
1,1096.018305,36.84866909
1,1132.866975,1.033696217
1,1133.900671,5.511329293
1,1139.412,0.296381718
1,1139.708382,2.518227813
1,1142.22661,0.688061591
1,1142.914671,2.316155127
1,1145.230826,11.10670146
1,1156.337528,16.80462813
1,1173.142156,9.840320845
1,1182.982477,9.543271047
1,1192.525748,5.273980981
1,1197.799729,28.85617225
1,1226.655901,19.63267547
1,1246.288577,15.19992341
1,1261.4885,21.00171955
1,1282.490219,11.13594962
1,1293.626169,19.64110087
1,1313.26727,3.499754483
1,1316.767024,4.773916636
1,1321.540941,8.337094944
1,1329.878036,0.456047534
1,1330.334084,19.95546259
1,1350.289546,28.16147631
1,1378.451022,2.855746118
1,1381.306769,24.17190158
1,1405.47867,54.87976852
1,1460.358439,5.483573748
1,1465.842012,1.374207818
1,1467.21622,21.53803532
1,1488.754256,15.45915386
1,1504.213409,48.87488212
1,1553.088292,3.326317513
1,1556.414609,5.298172884
1,1561.712782,1.028646514
1,1562.741428,20.72113512
1,1583.462564,16.58998707
1,1600.052551,24.23110136
1,1624.283652,3.442828619
1,1627.726481,17.82443052
1,1645.550911,0.561890291
1,1646.112801,32.41307092
1,1678.525872,5.41419481
1,1683.940067,9.526013508
1,1693.466081,9.706509251
1,1703.17259,18.39853376
1,1721.571124,7.043821131
1,1728.614945,9.654721042
1,1738.269666,22.04998237
1,1760.319648,11.60309076
1,1771.922739,6.962145596
1,1778.884885,8.278313757
1,1787.163198,2.549106264
1,1789.712305,0.718456372
1,1790.430761,1.8463939
1,1792.277155,57.95695264
1,1850.234108,17.01596914
1,1867.250077,6.916189991
1,1874.166267,7.66751793
1,1881.833785,15.61319507
1,1897.44698,17.09317248
1,1914.540152,18.51495513
1,1933.055107,3.322088577
1,1936.377196,24.05659196
1,1960.433788,49.83563164
1,2010.269419,4.074814809
1,2014.344234,25.31645076
1,2039.660685,9.312826121
1,2048.973511,15.246897
1,2064.220408,19.58342419
1,2083.803832,10.16740888
1,2093.971241,0.828766866
1,2094.800008,20.47658818
1,2115.276596,25.2721796
1,2140.548776,21.66412499
1,2162.212901,1.506904525
1,2163.719805,27.93539643
1,2191.655202,12.58661437
1,2204.241816,0.313803508
1,2204.55562,14.06152024
1,2218.61714,37.89291666
1,2256.510057,17.61951267
1,2274.129569,15.01731207
1,2289.146881,15.59169433
1,2304.738576,15.00160178
1,2319.740177,11.07180962
1,2330.811987,3.264748288
1,2334.076735,1.102741018
1,2335.179476,15.44813053
1,2350.627607,15.42429616
1,2366.051903,13.84063263
1,2379.892536,14.45171844
1,2394.344254,3.959107045
1,2398.303361,4.688967962
1,2402.992329,2.542243347
1,2405.534572,1.415923695
1,2406.950496,34.98058017
1,2441.931076,11.02050998
1,2452.951586,1.315965001
1,2454.267551,15.28914132
1,2469.556693,2.154688944
1,2471.711382,2.260458598
1,2473.97184,29.55064616
1,2503.522486,3.715127154
1,2507.237613,8.129425142
1,2515.367039,0.267773519
1,2515.634812,61.17397234
1,2576.808784,6.292827652
1,2583.101612,37.59239127
1,2620.694003,11.44592991
1,2632.139933,0.514961177
1,2632.654894,38.75885149
1,2671.413746,38.18072705
1,2709.594473,7.125052961
1,2716.719526,11.34091204
1,2728.060438,11.82344308
1,2739.883881,8.199997353
1,2748.083878,4.784796403
1,2752.868675,20.42514748
1,2773.293822,18.83000741
1,2792.12383,8.924978837
1,2801.048809,15.92877992
1,2816.977588,3.112484859
1,2820.090073,2.327460203
1,2822.417534,9.519773398
1,2831.937307,9.381256771
1,2841.318564,19.14506112
1,2860.463625,2.066379121
1,2862.530004,0.917001223
1,2863.447005,0.294804737
1,2863.74181,4.074475781
1,2867.816286,11.20563646
1,2879.021922,4.526644902
1,2883.548567,28.61163341
1,2912.1602,12.91736466
1,2925.077565,10.21002497
1,2935.28759,16.11009991
1,2951.39769,1.337609996
1,2952.7353,18.77136121
1,2971.506661,27.97701265
1,2999.483674,5.174829228
1,3004.658503,13.67433177
1,3018.332835,8.255393024
1,3026.588228,26.44095936
1,3053.029187,4.772379467
1,3057.801567,14.97304283
1,3072.77461,2.59734345
1,3075.371953,18.54653994
1,3093.918493,19.32750852
1,3113.246001,4.32813795
1,3117.574139,17.1598621
1,3134.734002,18.045318
1,3152.77932,0.546744298
1,3153.326064,3.48327722
1,3156.809341,18.77342655
1,3175.582768,6.102393978
1,3181.685162,3.723412456
1,3185.408574,26.34103766
1,3211.749612,25.34410899
1,3237.093721,1.664197421
1,3238.757918,2.78392099
1,3241.541839,0.740259586
1,3242.282099,2.474635482
1,3244.756734,12.33415262
1,3257.090887,4.897476721
1,3261.988363,11.80003875
1,3273.788402,0.345394362
1,3274.133797,16.46511677
1,3290.598913,39.20705825
1,3329.805972,2.833816148
1,3332.639788,9.854354785
1,3342.494143,3.238032031
1,3345.732175,7.366955213
1,3353.09913,6.854437608
1,3359.953567,9.029481882
1,3368.983049,7.670676593
1,3376.653726,2.083371094
1,3378.737097,8.120244638
1,3386.857342,1.202820704
1,3388.060162,8.983995808
1,3397.044158,8.862144163
1,3405.906302,8.382443993
1,3414.288746,5.90002605
1,3420.188772,8.653434095
1,3428.842206,6.79392556
1,3435.636132,3.034225363
1,3438.670357,1.324911665
1,3439.995269,6.054390105
1,3446.049659,1.586473584
1,3447.636133,5.521548077
1,3453.157681,4.288882958
1,3457.446564,8.38754817
1,3465.834112,3.475612952
1,3469.309725,3.70723087
1,3473.016956,2.727503342
1,3475.744459,7.981785036
1,3483.726244,6.972698286
1,3490.698942,6.287684521
1,3496.986627,6.024380678
1,3503.011008,5.460721369
1,3508.471729,1.264032448
1,3509.735761,6.11130751
1,3515.847069,2.265788519
1,3518.112857,7.880112617
1,3525.99297,3.754670406
1,3529.74764,2.297375838
1,3532.045016,7.02888181
1,3539.073898,4.461648789
1,3543.535547,3.902403725
1,3547.437951,7.116241555
1,3554.554192,6.468297838
1,3561.02249,9.685055353
1,3570.707545,4.202187596
1,3574.909733,9.644327635
1,3584.554061,7.527799124
1,3592.08186,5.275561536
1,3597.357421,3.731315913
2,3601.088737,8.988556758
2,3610.077294,7.469950354
2,3617.547244,7.665242328
2,3625.212487,1.068100625
2,3626.280587,1.700294914
2,3627.980882,8.874674505
2,3636.855557,5.430469085
2,3642.286026,8.274147994
2,3650.560174,2.019610028
2,3652.579784,2.513387005
2,3655.093171,3.012986182
2,3658.106157,8.759570481
2,3666.865727,4.060432578
2,3670.92616,1.728955176
2,3672.655115,6.697447453
2,3679.352563,9.090995609
2,3688.443558,5.748114487
2,3694.191673,1.439245166
2,3695.630918,1.82360918
2,3697.454527,9.228379483
2,3706.682907,8.728744276
2,3715.411651,7.070032814
2,3722.481684,2.186036504
2,3724.66772,3.01591282
2,3727.683633,6.644923162
2,3734.328556,9.024958949
2,3743.353515,8.323648056
2,3751.677163,5.452033786
2,3757.129197,6.376157902
2,3763.505355,2.686732684
2,3766.192088,7.619057036
2,3773.811145,7.489846675
2,3781.300991,6.514883441
2,3787.815875,3.977228388
2,3791.793103,3.401186807
2,3795.19429,8.530250252
2,3803.72454,4.368497577
2,3808.093038,1.631162074
2,3809.7242,9.846908172
2,3819.571108,9.056594372
2,3828.627702,9.26948548
2,3837.897188,4.522419695
2,3842.419607,2.405563741
2,3844.825171,6.184103472
2,3851.009275,7.21065473
2,3858.219929,1.427812476
2,3859.647742,1.765141528
2,3861.412883,4.625303462
2,3866.038187,6.865341433
2,3872.903528,9.951023748
2,3882.854552,3.450340651
2,3886.304893,6.052619679
2,3892.357512,5.531803487
2,3897.889316,1.635516083
2,3899.524832,7.653735526
2,3907.178567,4.926225185
2,3912.104793,7.729515575
2,3919.834308,7.079863776
2,3926.914172,8.032087716
2,3934.94626,5.170423578
2,3940.116683,3.887596217
2,3944.00428,5.348194302
2,3949.352474,4.489578455
2,3953.842052,7.834471545
2,3961.676524,1.818522412
2,3963.495046,8.417126213
2,3971.912172,3.358132277
2,3975.270305,2.397203073
2,3977.667508,5.970240717
2,3983.637749,5.792056907
2,3989.429805,6.525339765
2,3995.955145,9.168385906
2,4005.123531,4.742453165
2,4009.865984,7.915927744
2,4017.781912,2.149270644
2,4019.931183,4.543762799
2,4024.474945,8.267289392
2,4032.742235,4.033124287
2,4036.775359,5.461473372
2,4042.236833,4.582810805
2,4046.819643,4.81430711
2,4051.63395,5.148630294
2,4056.782581,5.869773847
2,4062.652355,1.557271918
2,4064.209626,9.29779392
2,4073.50742,1.913733867
2,4075.421154,3.931281502
2,4079.352436,3.62743045
2,4082.979866,5.468971948
2,4088.448838,7.409643915
2,4095.858482,1.249718114
2,4097.1082,7.114980166
2,4104.22318,3.013706531
2,4107.236887,1.326540478
2,4108.563427,4.11560006
2,4112.679027,7.989883144
2,4120.668911,6.617774878
2,4127.286685,1.200783294
2,4128.487469,6.267343515
2,4134.754812,4.685479965
2,4139.440292,1.703735186
2,4141.144027,7.223965871
2,4148.367993,6.361235181
2,4154.729228,8.69136336
2,4163.420592,3.498201716
2,4166.918794,7.016194886
2,4173.934988,6.400375462
2,4180.335364,6.079280912
2,4186.414645,5.412061697
2,4191.826706,3.182114611
2,4195.008821,5.029621657
2,4200.038443,7.89500324
2,4207.933446,4.591149193
2,4212.524595,1.763558023
2,4214.288153,8.092069168
2,4222.380222,9.338896393
2,4231.719119,4.411596916
2,4236.130716,1.957819073
2,4238.088535,9.444638221
2,4247.533173,4.284220977
2,4251.817394,7.6237981
2,4259.441192,7.703037197
2,4267.144229,2.146798804
2,4269.291028,8.650398908
2,4277.941427,4.787483469
2,4282.72891,5.030178315
2,4287.759089,1.935410164
2,4289.694499,3.087859527
2,4292.782358,9.069672081
2,4301.852031,9.758849691
2,4311.61088,3.636963901
2,4315.247844,6.396563792
2,4321.644408,6.426069914
2,4328.070478,2.299747288
2,4330.370225,8.910486476
2,4339.280712,2.037023289
2,4341.317735,4.443636029
2,4345.761371,1.109162705
2,4346.870534,8.108931303
2,4354.979465,6.845233532
2,4361.824698,7.492479548
2,4369.317178,6.481130213
2,4375.798308,1.616083864
2,4377.414392,4.378370315
2,4381.792762,7.720563706
2,4389.513326,3.927751585
2,4393.441078,1.924480829
2,4395.365559,6.214343945
2,4401.579902,2.963203561
2,4404.543106,5.450849704
2,4409.993956,9.742678339
2,4419.736634,6.160193347
2,4425.896827,8.491005456
2,4434.387833,6.472888132
2,4440.860721,5.126723867
2,4445.987445,8.861408609
2,4454.848853,5.108925508
2,4459.957779,6.912601859
2,4466.870381,3.573056466
2,4470.443437,5.144941569
2,4475.588379,6.123758668
2,4481.712138,2.998618703
2,4484.710756,8.695232836
2,4493.405989,8.999379442
2,4502.405369,9.68849187
2,4512.09386,5.563312632
2,4517.657173,4.121041357
2,4521.778214,6.619152611
2,4528.397367,4.372434293
2,4532.769801,4.389193145
2,4537.158994,5.743330469
2,4542.902325,3.55449581
2,4546.456821,8.61515054
2,4555.071971,5.952800038
2,4561.024771,8.454905953
2,4569.479677,2.629597809
2,4572.109275,7.189796946
2,4579.299072,9.820146352
2,4589.119218,7.427474461
2,4596.546693,8.239950549
2,4604.786643,3.542726696
2,4608.32937,4.57446864
2,4612.903839,8.904857688
2,4621.808696,9.647042772
2,4631.455739,5.697970996
2,4637.15371,4.775571075
2,4641.929281,6.222274889
2,4648.151556,4.718781937
2,4652.870338,2.346329032
2,4655.216667,5.35433229
2,4660.570999,1.261488754
2,4661.832488,7.119604638
2,4668.952093,1.839857658
2,4670.79195,3.766785047
2,4674.558735,1.17105019
2,4675.729786,6.341112092
2,4682.070898,2.503896415
2,4684.574794,1.880011589
2,4686.454806,7.261664151
2,4693.71647,9.354811255
2,4703.071281,7.220100108
2,4710.291381,2.904159428
2,4713.195541,4.2649262
2,4717.460467,5.907489574
2,4723.367956,1.264839545
2,4724.632796,4.897088739
2,4729.529885,9.458712786
2,4738.988598,7.293959146
2,4746.282557,8.985489082
2,4755.268046,9.483913833
2,4764.75196,3.760230403
2,4768.51219,1.781351962
2,4770.293542,1.859311976
2,4772.152854,5.847297224
2,4778.000151,8.910451536
2,4786.910603,6.556642657
2,4793.467245,9.10654391
2,4802.573789,1.273508085
2,4803.847297,8.909060529
2,4812.756358,2.429457341
2,4815.185815,9.080593433
2,4824.266409,4.617078246
2,4828.883487,5.675257077
2,4834.558744,3.082751872
2,4837.641496,5.410743684
2,4843.05224,6.423994253
2,4849.476234,8.425071364
2,4857.901305,3.582154083
2,4861.483459,1.116482977
2,4862.599942,9.869956449
2,4872.469899,9.862592557
2,4882.332491,1.525445618
2,4883.857937,1.848739789
2,4885.706677,5.0817229
2,4890.7884,4.630384396
2,4895.418784,1.846255854
2,4897.26504,9.057570155
2,4906.32261,6.741232952
2,4913.063843,5.482080344
2,4918.545923,1.690352929
2,4920.236276,5.157530698
2,4925.393807,7.40284656
2,4932.796653,2.953077271
2,4935.749731,8.004428864
2,4943.75416,8.515657366
2,4952.269817,9.096914616
2,4961.366732,3.704746525
2,4965.071478,4.627304411
2,4969.698782,6.097491464
2,4975.796274,3.177322547
2,4978.973596,1.00017048
2,4979.973767,4.754158979
2,4984.727926,4.713575229
2,4989.441501,9.285650056
2,4998.727151,3.543187269
2,5002.270338,7.957464847
2,5010.227803,5.046386934
2,5015.27419,7.478511362
2,5022.752702,5.27276633
2,5028.025468,9.718232266
2,5037.7437,9.109539531
2,5046.85324,5.736682715
2,5052.589922,3.5281284
2,5056.118051,9.078919055
2,5065.19697,5.979949978
2,5071.17692,5.223341973
2,5076.400262,9.732403244
2,5086.132665,4.909508028
2,5091.042173,6.152931991
2,5097.195105,5.836777923
2,5103.031883,3.599465248
2,5106.631348,3.869761166
2,5110.501109,3.314334452
2,5113.815444,9.98090092
2,5123.796345,7.681132929
2,5131.477478,4.5313959
2,5136.008874,9.716909024
2,5145.725783,2.923968761
2,5148.649751,8.789123454
2,5157.438875,3.698230735
2,5161.137106,8.892163023
2,5170.029269,4.27814468
2,5174.307413,7.498819683
2,5181.806233,3.821684417
2,5185.627917,3.877335954
2,5189.505253,1.297156895
2,5190.80241,1.170427749
2,5191.972838,8.714693947
2,5200.687532,7.313337427
2,5208.000869,8.428161466
2,5216.429031,4.6220965
2,5221.051127,9.086670371
2,5230.137798,8.068700204
2,5238.206498,2.028176886
2,5240.234675,6.493799112
2,5246.728474,5.563778356
2,5252.292252,4.918104902
2,5257.210357,8.857877884
2,5266.068235,5.979670534
2,5272.047906,7.212087427
2,5279.259993,2.239857664
2,5281.499851,3.323231063
2,5284.823082,9.931518925
2,5294.754601,4.483716291
2,5299.238317,6.137127179
2,5305.375444,8.974186639
2,5314.349631,5.931830067
2,5320.281461,1.816234735
2,5322.097696,8.488058618
2,5330.585754,4.781296828
2,5335.367051,6.138843596
2,5341.505895,3.813388969
2,5345.319284,4.759547156
2,5350.078831,2.804529076
2,5352.88336,2.341074388
2,5355.224434,1.413791065
2,5356.638225,9.024037262
2,5365.662263,2.333983981
2,5367.996247,9.714222138
2,5377.710469,1.419042558
2,5379.129511,9.948263616
2,5389.077775,2.34081835
2,5391.418593,3.38564724
2,5394.80424,5.237089736
2,5400.04133,4.023245526
2,5404.064576,3.965612574
2,5408.030188,9.670765851
2,5417.700954,9.984698127
2,5427.685652,3.229832199
2,5430.915485,4.746330818
2,5435.661815,6.181974837
2,5441.84379,6.016384359
2,5447.860175,4.239933901
2,5452.100108,4.47842728
2,5456.578536,7.408996228
2,5463.987532,6.824377555
2,5470.811909,8.286435268
2,5479.098345,9.424053814
2,5488.522399,5.916561999
2,5494.438961,9.012364351
2,5503.451325,5.32612693
2,5508.777452,6.691381537
2,5515.468833,9.277096005
2,5524.745929,7.464279934
2,5532.210209,1.091707584
2,5533.301917,9.564911131
2,5542.866828,2.303957602
2,5545.170786,9.406339256
2,5554.577125,1.672083058
2,5556.249208,6.476861993
2,5562.72607,9.892078491
2,5572.618148,2.505299315
2,5575.123448,7.678886918
2,5582.802335,8.806111325
2,5591.608446,2.403139342
2,5594.011585,3.289712109
2,5597.301297,9.578312256
2,5606.87961,7.404814061
2,5614.284424,8.910658543
2,5623.195082,1.408526442
2,5624.603609,9.606330892
2,5634.20994,8.819783684
2,5643.029723,9.416071492
2,5652.445795,6.282769172
2,5658.728564,4.916112293
2,5663.644676,8.007402014
2,5671.652078,3.239272519
2,5674.891351,2.593257909
2,5677.484609,1.121363567
2,5678.605972,7.78732839
2,5686.393301,7.869940193
2,5694.263241,8.871994484
2,5703.135235,6.886915379
2,5710.022151,2.073254384
2,5712.095405,1.418675104
2,5713.51408,5.844739574
2,5719.35882,4.94987364
2,5724.308693,8.595017771
2,5732.903711,2.352494295
2,5735.256205,7.542971106
2,5742.799177,9.74423705
2,5752.543414,5.438332614
2,5757.981746,1.898174544
2,5759.879921,1.050738619
2,5760.930659,7.216555338
2,5768.147215,3.882577938
2,5772.029793,5.397985179
2,5777.427778,3.026858898
2,5780.454637,2.947229724
2,5783.401867,8.1661579
2,5791.568024,9.304350719
2,5800.872375,5.227783296
2,5806.100158,5.6123922
2,5811.712551,3.326193378
2,5815.038744,2.970918999
2,5818.009663,4.402804262
2,5822.412467,5.735970354
2,5828.148438,8.470433168
2,5836.618871,1.260524269
2,5837.879395,4.406282299
2,5842.285677,9.638337814
2,5851.924015,3.600635584
2,5855.524651,9.593596099
2,5865.118247,9.234365511
2,5874.352612,5.220284246
2,5879.572897,2.062117106
2,5881.635014,7.269803172
2,5888.904817,3.782932192
2,5892.687749,6.254435682
2,5898.942185,4.97076503
2,5903.91295,6.194654234
2,5910.107604,9.676868333
2,5919.784472,5.030243066
2,5924.814715,4.110168327
2,5928.924884,7.050736558
2,5935.97562,3.745347441
2,5939.720968,9.972655101
2,5949.693623,3.828518195
2,5953.522141,3.838712962
2,5957.360854,2.029171965
2,5959.390026,5.509894721
2,5964.899921,7.521463947
2,5972.421385,1.137887609
2,5973.559272,3.188244892
2,5976.747517,3.079421407
2,5979.826939,7.821947343
2,5987.648886,9.693526607
2,5997.342412,3.77960241
2,6001.122015,2.543212671
2,6003.665228,7.020604006
2,6010.685832,9.342723826
2,6020.028555,4.555217336
2,6024.583773,4.722113413
2,6029.305886,5.17135109
2,6034.477237,3.566976003
2,6038.044213,9.81724167
2,6047.861455,7.319949814
2,6055.181405,5.403718074
2,6060.585123,1.547500501
2,6062.132623,5.828178991
2,6067.960802,2.882933436
2,6070.843736,6.959196461
2,6077.802932,1.679458127
2,6079.48239,4.031727158
2,6083.514117,2.64288101
2,6086.156998,1.397268972
2,6087.554267,5.709449584
2,6093.263717,7.344395891
2,6100.608113,5.445222798
2,6106.053336,9.437830368
2,6115.491166,2.611875302
2,6118.103041,6.962373755
2,6125.065415,4.872241823
2,6129.937657,5.291971404
2,6135.229628,4.986222567
2,6140.215851,2.073448983
2,6142.2893,2.35954889
2,6144.648849,4.537852279
2,6149.186701,3.050335536
2,6152.237037,3.923520019
2,6156.160557,5.533869123
2,6161.694426,9.640465685
2,6171.334891,6.400063739
2,6177.734955,5.048081348
2,6182.783037,9.794646318
2,6192.577683,8.875883636
2,6201.453567,3.405438481
2,6204.859005,3.546759707
2,6208.405765,5.837373755
2,6214.243138,9.473562702
2,6223.716701,9.765299389
2,6233.482001,6.008620161
2,6239.490621,9.834248607
2,6249.324869,8.755417181
2,6258.080286,7.449210856
2,6265.529497,5.754458531
2,6271.283956,3.714259876
2,6274.998216,7.533083323
2,6282.531299,2.329047015
2,6284.860346,7.544602136
2,6292.404948,4.076206108
2,6296.481154,3.941098089
2,6300.422252,1.514969936
2,6301.937222,2.156055451
2,6304.093278,9.213438463
2,6313.306716,9.924979741
2,6323.231696,6.333763078
2,6329.565459,1.252310683
2,6330.81777,3.482603028
2,6334.300373,3.021349528
2,6337.321722,8.833787816
2,6346.15551,9.700261852
2,6355.855772,7.982534269
2,6363.838306,8.589405743
2,6372.427712,9.078569467
2,6381.506281,2.429156644
2,6383.935438,8.454772286
2,6392.39021,4.094257333
2,6396.484468,8.714538609
2,6405.199006,8.980481767
2,6414.179488,1.642487002
2,6415.821975,9.95641433
2,6425.778389,4.39115348
2,6430.169543,3.934169633
2,6434.103713,7.073475777
2,6441.177188,5.044243488
2,6446.221432,1.746184471
2,6447.967616,8.912640549
2,6456.880257,9.993600321
2,6466.873857,3.505159869
2,6470.379017,6.765898353
2,6477.144915,3.118953618
2,6480.263869,7.192869542
2,6487.456739,9.875292703
2,6497.332031,6.068540366
2,6503.400572,6.064190578
2,6509.464762,9.589594863
2,6519.054357,9.520620723
2,6528.574978,3.215979574
2,6531.790957,5.653265914
2,6537.444223,5.242115785
2,6542.686339,2.779974119
2,6545.466313,9.831133401
2,6555.297447,3.012013131
2,6558.30946,8.356099139
2,6566.665559,4.848378037
2,6571.513937,2.066653526
2,6573.58059,6.573205801
2,6580.153796,1.917025859
2,6582.070822,7.282135198
2,6589.352957,7.10266143
2,6596.455619,6.152139595
2,6602.607758,1.177745998
2,6603.785504,6.937416739
2,6610.722921,5.110783021
2,6615.833704,2.652673445
2,6618.486378,9.023067421
2,6627.509445,9.08320489
2,6636.59265,5.707496526
2,6642.300146,7.172812746
2,6649.472959,9.335214906
2,6658.808174,1.890309163
2,6660.698483,1.164974161
2,6661.863457,7.954019038
2,6669.817476,4.88352197
2,6674.700998,6.210627485
2,6680.911626,9.039764537
2,6689.95139,1.497285839
2,6691.448676,1.710367686
2,6693.159044,9.495534432
2,6702.654578,4.205275779
2,6706.859854,9.214347975
2,6716.074202,7.288224575
2,6723.362427,7.791324144
2,6731.153751,5.805366481
2,6736.959117,1.780341724
2,6738.739459,9.664181187
2,6748.40364,6.108206411
2,6754.511847,4.787423924
2,6759.299271,1.724193237
2,6761.023464,6.851644054
2,6767.875108,3.735436813
2,6771.610545,1.958371684
2,6773.568916,3.821588973
2,6777.390505,4.730986168
2,6782.121491,1.869531096
2,6783.991023,9.832717086
2,6793.82374,1.319774166
2,6795.143514,8.348901997
2,6803.492416,1.670051037
2,6805.162467,5.198781249
2,6810.361248,7.562702123
2,6817.92395,9.902196894
2,6827.826147,1.037699152
2,6828.863846,2.23343203
2,6831.097278,3.670037361
2,6834.767316,8.259141763
2,6843.026457,8.26902443
2,6851.295482,6.386563938
2,6857.682046,4.748058923
2,6862.430105,8.34971715
2,6870.779822,5.950084075
2,6876.729906,8.493130105
2,6885.223036,8.370234272
2,6893.59327,3.428195059
2,6897.021465,4.476997671
2,6901.498463,8.414768325
2,6909.913231,3.391038774
2,6913.30427,2.063848719
2,6915.368119,5.992937368
2,6921.361056,2.312439531
2,6923.673496,4.533348222
2,6928.206844,8.548290291
2,6936.755134,6.479780546
2,6943.234915,6.872455799
2,6950.107371,6.351002348
2,6956.458373,4.283070624
2,6960.741444,8.459741171
2,6969.201185,6.985340405
2,6976.186525,2.129861144
2,6978.316386,2.347092468
2,6980.663479,5.382249501
2,6986.045728,5.075522515
2,6991.121251,6.205353783
2,6997.326605,6.362019413
2,7003.688624,7.637444765
2,7011.326069,6.337603069
2,7017.663672,4.738559617
2,7022.402231,5.175185375
2,7027.577417,5.906655995
2,7033.484073,4.180180881
2,7037.664254,5.328703438
2,7042.992957,6.942048048
2,7049.935005,6.878851577
2,7056.813857,6.644562323
2,7063.458419,5.610214308
2,7069.068633,6.280541369
2,7075.349175,5.324679874
2,7080.673855,6.616841342
2,7087.290696,5.415439879
2,7092.706136,4.677420757
2,7097.383557,6.098205301
2,7103.481762,7.555033307
2,7111.036795,5.171583617
2,7116.208379,5.150175352
2,7121.358554,5.988294651
2,7127.346849,5.037685112
2,7132.384534,6.724357412
2,7139.108891,6.453361162
2,7145.562252,5.551887433
2,7151.11414,8.187256521
2,7159.301396,7.386560419
2,7166.687957,4.468959899
2,7171.156917,6.93919631
2,7178.096113,5.802785332
2,7183.898898,6.858448732
2,7190.757347,7.526037526
2,7198.283385,4.845864715
3,7203.129249,4.933276668
3,7208.062526,4.816082029
3,7212.878608,5.726817133
3,7218.605425,4.860178759
3,7223.465604,8.510357565
3,7231.975962,6.663749528
3,7238.639711,5.64779584
3,7244.287507,5.401798999
3,7249.689306,6.433521218
3,7256.122827,9.03431576
3,7265.157143,5.816610119
3,7270.973753,6.25554749
3,7277.2293,5.496687968
3,7282.725988,8.079343355
3,7290.805332,7.149062139
3,7297.954394,6.105499489
3,7304.059893,4.919375892
3,7308.979269,6.95655431
3,7315.935824,5.175603188
3,7321.111427,6.923047784
3,7328.034475,4.786915236
3,7332.82139,6.968697552
3,7339.790087,4.429994861
3,7344.220082,6.058232946
3,7350.278315,6.138305268
3,7356.41662,6.449974757
3,7362.866595,5.480046958
3,7368.346642,5.297395846
3,7373.644038,4.659628721
3,7378.303667,5.713950324
3,7384.017617,6.120225799
3,7390.137843,7.391994405
3,7397.529837,5.503741791
3,7403.033579,6.226956031
3,7409.260535,7.072197021
3,7416.332732,6.675495173
3,7423.008227,6.718096525
3,7429.726324,5.656995903
3,7435.38332,7.026183147
3,7442.409503,6.424161651
3,7448.833665,6.130584935
3,7454.964249,7.645468633
3,7462.609718,6.067256045
3,7468.676974,5.68066314
3,7474.357637,5.255581811
3,7479.613219,5.490360595
3,7485.10358,5.129386728
3,7490.232966,6.7232531
3,7496.95622,3.76371821
3,7500.719938,6.528345955
3,7507.248284,6.509735137
3,7513.758019,5.329711551
3,7519.08773,5.066759178
3,7524.15449,6.107282489
3,7530.261772,5.894724047
3,7536.156496,5.941020704
3,7542.097517,6.898363405
3,7548.99588,7.488575998
3,7556.484456,6.970457094
3,7563.454913,6.656637364
3,7570.111551,6.331104127
3,7576.442655,6.794697153
3,7583.237352,7.360719731
3,7590.598072,6.068891837
3,7596.666963,5.400631344
3,7602.067595,5.870777247
3,7607.938372,6.3911721
3,7614.329544,5.993778934
3,7620.323323,5.344390108
3,7625.667713,6.282211651
3,7631.949925,7.327133924
3,7639.277059,5.568290187
3,7644.845349,5.980483683
3,7650.825833,5.204223472
3,7656.030056,4.694761912
3,7660.724818,5.349408957
3,7666.074227,5.276496654
3,7671.350724,7.652034913
3,7679.002759,5.442103329
3,7684.444862,6.669598177
3,7691.11446,5.847898697
3,7696.962359,8.653045208
3,7705.615404,6.043022748
3,7711.658427,6.380449622
3,7718.038876,4.822802272
3,7722.861679,6.638157542
3,7729.499836,5.071802359
3,7734.571639,5.786552772
3,7740.358191,7.842379826
3,7748.200571,5.209026939
3,7753.409598,5.206987216
3,7758.616585,5.710849294
3,7764.327435,5.978965956
3,7770.306401,5.999806275
3,7776.306207,5.217004958
3,7781.523212,5.642025893
3,7787.165238,5.666248653
3,7792.831486,6.636344792
3,7799.467831,6.537523377
3,7806.005354,6.806617743
3,7812.811972,4.544336199
3,7817.356308,5.307316509
3,7822.663625,6.459706215
3,7829.123331,5.286650409
3,7834.409982,6.908155723
3,7841.318137,4.405225694
3,7845.723363,4.908756581
3,7850.63212,6.305499706
3,7856.937619,6.075067738
3,7863.012687,5.522987877
3,7868.535675,7.296801354
3,7875.832476,5.778805289
3,7881.611282,6.808332287
3,7888.419614,5.031354969
3,7893.450969,5.568080577
3,7899.019049,6.066632732
3,7905.085682,7.126610214
3,7912.212292,5.720870264
3,7917.933163,6.745663112
3,7924.678826,6.352108209
3,7931.030934,5.220401663
3,7936.251336,4.560298487
3,7940.811634,6.630449505
3,7947.442084,5.708329265
3,7953.150413,4.512864228
3,7957.663277,5.175419136
3,7962.838696,5.484097115
3,7968.322793,7.260629914
3,7975.583423,5.393242135
3,7980.976665,4.907068532
3,7985.883734,6.206558999
3,7992.090293,6.056115795
3,7998.146409,5.095727759
3,8003.242136,5.58961805
3,8008.831754,5.044598074
3,8013.876353,6.035085267
3,8019.911438,6.014176773
3,8025.925615,5.286210069
3,8031.211825,5.314479992
3,8036.526305,5.141233497
3,8041.667538,7.18875349
3,8048.856292,6.213946108
3,8055.070238,6.73622442
3,8061.806462,5.355536049
3,8067.161998,4.287842559
3,8071.449841,5.124140408
3,8076.573981,5.38069466
3,8081.954676,5.409687713
3,8087.364364,7.165594754
3,8094.529958,7.100891205
3,8101.63085,6.853370969
3,8108.48422,4.87689806
3,8113.361119,4.379244531
3,8117.740363,4.170830286
3,8121.911193,6.894766825
3,8128.80596,7.520680687
3,8136.326641,5.617512849
3,8141.944154,7.675209526
3,8149.619363,6.899649103
3,8156.519012,6.050779209
3,8162.569792,8.929760458
3,8171.499552,5.961326876
3,8177.460879,5.231822387
3,8182.692701,3.87922566
3,8186.571927,6.246649923
3,8192.818577,6.672278899
3,8199.490856,7.311120968
3,8206.801977,6.812196132
3,8213.614173,5.200526183
3,8218.814699,5.550630832
3,8224.36533,4.672668718
3,8229.037999,6.1756533
3,8235.213652,5.184313876
3,8240.397966,7.006001908
3,8247.403968,4.804425017
3,8252.208393,6.4227088
3,8258.631101,6.375528872
3,8265.00663,7.715697763
3,8272.722328,4.873477354
3,8277.595805,5.716268551
3,8283.312074,7.975909128
3,8291.287983,5.913987056
3,8297.20197,4.96805033
3,8302.170021,5.070338964
3,8307.24036,4.884098329
3,8312.124458,4.814245251
3,8316.938703,5.039429601
3,8321.978133,5.783262928
3,8327.761396,6.120522074
3,8333.881918,6.829645764
3,8340.711563,6.820588209
3,8347.532152,6.269863413
3,8353.802015,6.461940314
3,8360.263955,6.773514224
3,8367.03747,5.781341487
3,8372.818811,3.320993603
3,8376.139805,6.084225186
3,8382.22403,6.205016018
3,8388.429046,4.725359991
3,8393.154406,6.154138851
3,8399.308545,5.356601837
3,8404.665147,7.537028517
3,8412.202175,5.581887161
3,8417.784062,5.314066695
3,8423.098129,6.070758719
3,8429.168888,4.485355281
3,8433.654243,5.664690193
3,8439.318933,5.843498386
3,8445.162432,5.466018532
3,8450.62845,7.439133277
3,8458.067583,4.049656929
3,8462.11724,5.895733592
3,8468.012974,6.804746411
3,8474.81772,6.65808834
3,8481.475809,8.278419807
3,8489.754228,6.335682639
3,8496.089911,3.961089752
3,8500.051001,6.11806681
3,8506.169068,7.583372206
3,8513.75244,8.329982024
3,8522.082422,6.071053623
3,8528.153475,6.277960205
3,8534.431436,5.540876559
3,8539.972312,4.295395099
3,8544.267707,8.291935595
3,8552.559643,5.518938887
3,8558.078582,6.022476673
3,8564.101058,5.090023221
3,8569.191082,6.161127779
3,8575.352209,5.232458192
3,8580.584668,5.530532878
3,8586.115201,4.992502401
3,8591.107703,7.132030754
3,8598.239734,4.993597475
3,8603.233331,8.248329997
3,8611.481661,4.50028944
3,8615.981951,7.387629465
3,8623.36958,6.111942867
3,8629.481523,8.010148293
3,8637.491671,5.358827671
3,8642.850499,6.384301157
3,8649.2348,6.581799347
3,8655.816599,4.824983936
3,8660.641583,5.677163098
3,8666.318746,6.362883589
3,8672.68163,6.586538326
3,8679.268168,6.005616155
3,8685.273785,5.788145913
3,8691.06193,7.917466311
3,8698.979397,5.483202115
3,8704.462599,5.212712824
3,8709.675312,6.375577161
3,8716.050889,6.69165898
3,8722.742548,5.148752789
3,8727.891301,6.713705066
3,8734.605006,5.17603377
3,8739.781039,10.07120468
3,8749.852244,5.227466265
3,8755.07971,6.864050494
3,8761.943761,6.786911426
3,8768.730672,4.862742087
3,8773.593414,6.027724068
3,8779.621138,5.025841615
3,8784.64698,5.051699141
3,8789.698679,5.27030965
3,8794.968989,4.903091865
3,8799.872081,6.99751784
3,8806.869599,8.56429552
3,8815.433894,7.379608555
3,8822.813503,5.919094765
3,8828.732597,8.049325022
3,8836.781922,7.393532098
3,8844.175455,7.55244867
3,8851.727903,4.119377133
3,8855.84728,5.491266654
3,8861.338547,5.288437772
3,8866.626985,5.580303789
3,8872.207289,6.968319145
3,8879.175608,5.431099352
3,8884.606707,6.283625698
3,8890.890333,5.190039433
3,8896.080372,4.434737149
3,8900.515109,5.557482137
3,8906.072591,6.645229022
3,8912.717821,6.332559459
3,8919.05038,4.172241347
3,8923.222621,6.196318365
3,8929.41894,6.404385395
3,8935.823325,5.214696409
3,8941.038021,5.562730034
3,8946.600752,6.60383382
3,8953.204585,5.892005564
3,8959.096591,6.259367936
3,8965.355959,5.603672134
3,8970.959631,6.150132092
3,8977.109763,5.8302259
3,8982.939989,5.728438656
3,8988.668428,4.594516462
3,8993.262944,9.282938803
3,9002.545883,4.97813095
3,9007.524014,5.864258891
3,9013.388273,5.685842228
3,9019.074115,5.665190121
3,9024.739305,7.532205421
3,9032.271511,5.480081008
3,9037.751592,6.338624054
3,9044.090216,6.254016131
3,9050.344232,6.502608899
3,9056.846841,5.85298538
3,9062.699826,5.915443009
3,9068.615269,3.549558561
3,9072.164828,8.866294202
3,9081.031122,5.549678399
3,9086.5808,5.018933301
3,9091.599733,6.874766751
3,9098.4745,6.599149997
3,9105.07365,7.200187063
3,9112.273837,6.376741568
3,9118.650579,5.546448566
3,9124.197027,5.37616485
3,9129.573192,5.050547364
3,9134.62374,4.681946198
3,9139.305686,7.484851413
3,9146.790537,6.605465374
3,9153.396003,7.563052303
3,9160.959055,5.895727512
3,9166.854782,5.026318582
3,9171.881101,4.641718921
3,9176.52282,4.818043286
3,9181.340863,7.348215859
3,9188.689079,7.755599722
3,9196.444679,6.060276043
3,9202.504955,6.300646973
3,9208.805602,5.677799427
3,9214.483401,4.661024352
3,9219.144426,5.457395439
3,9224.601821,5.772797257
3,9230.374618,5.245684966
3,9235.620303,5.996317255
3,9241.61662,3.961553812
3,9245.578174,5.633188182
3,9251.211362,6.496743416
3,9257.708106,7.752709537
3,9265.460815,7.451438958
3,9272.912254,5.895397121
3,9278.807652,3.58729947
3,9282.394951,5.316773148
3,9287.711724,7.758324005
3,9295.470048,5.492872359
3,9300.96292,5.029681944
3,9305.992602,5.233186645
3,9311.225789,6.080487012
3,9317.306276,6.838341083
3,9324.144617,4.726426645
3,9328.871044,5.989533499
3,9334.860577,6.007183754
3,9340.867761,6.512570409
3,9347.380331,5.582448453
3,9352.96278,6.435341692
3,9359.398122,5.107546389
3,9364.505668,6.094412214
3,9370.60008,6.947427374
3,9377.547508,6.465390984
3,9384.012899,5.897248601
3,9389.910147,6.023858046
3,9395.934005,6.738511782
3,9402.672517,5.364450031
3,9408.036967,5.220133777
3,9413.257101,4.793352552
3,9418.050453,5.901358293
3,9423.951812,5.813740325
3,9429.765552,5.781508881
3,9435.547061,7.199165509
3,9442.746226,5.426721782
3,9448.172948,7.092746348
3,9455.265695,6.160397462
3,9461.426092,5.000320954
3,9466.426413,5.992275077
3,9472.418688,6.073777554
3,9478.492466,5.412754764
3,9483.90522,4.902643872
3,9488.807864,5.752073206
3,9494.559937,7.193710162
3,9501.753648,4.920699156
3,9506.674347,7.201080861
3,9513.875428,4.832214795
3,9518.707642,5.440905975
3,9524.148548,6.17738382
3,9530.325932,5.891015324
3,9536.216948,7.923430713
3,9544.140378,5.562807832
3,9549.703186,6.348306161
3,9556.051492,5.923007515
3,9561.9745,6.14883915
3,9568.123339,4.65579058
3,9572.779129,5.680520322
3,9578.45965,6.149779571
3,9584.609429,5.399924432
3,9590.009354,5.302813472
3,9595.312167,5.284223499
3,9600.596391,6.728002335
3,9607.324393,5.674896149
3,9612.999289,6.419141599
3,9619.418431,6.304164237
3,9625.722595,6.424508306
3,9632.147103,7.106894244
3,9639.253998,5.716498374
3,9644.970496,5.932897296
3,9650.903393,5.700968826
3,9656.604362,5.73188274
3,9662.336245,5.520918812
3,9667.857164,5.205000202
3,9673.062164,6.337073171
3,9679.399237,5.429451522
3,9684.828689,5.582466186
3,9690.411155,5.675946816
3,9696.087102,5.760049143
3,9701.847151,5.823043518
3,9707.670194,8.387187103
3,9716.057381,5.875775349
3,9721.933157,4.009957193
3,9725.943114,6.54160369
3,9732.484718,5.295275412
3,9737.779993,7.842842888
3,9745.622836,5.616188813
3,9751.239025,6.839026253
3,9758.078051,7.035608679
3,9765.11366,6.72456636
3,9771.838226,5.263148774
3,9777.101375,7.047149288
3,9784.148524,8.514666369
3,9792.66319,6.37776675
3,9799.040957,7.543438738
3,9806.584396,6.555560664
3,9813.139957,6.37848366
3,9819.51844,5.332448597
3,9824.850889,4.963996551
3,9829.814885,6.442390746
3,9836.257276,5.883773237
3,9842.141049,6.028827819
3,9848.169877,5.15936751
3,9853.329245,5.211380995
3,9858.540626,4.564692197
3,9863.105318,5.758429196
3,9868.863747,6.969799008
3,9875.833546,5.67139103
3,9881.504937,4.540670819
3,9886.045608,4.94817615
3,9890.993784,6.476212986
3,9897.469997,6.315446989
3,9903.785444,7.648841346
3,9911.434285,5.479597719
3,9916.913883,5.680071786
3,9922.593955,6.890676022
3,9929.484631,5.416886304
3,9934.901517,6.090683596
3,9940.992201,6.976369666
3,9947.96857,6.111314615
3,9954.079885,5.183323244
3,9959.263208,6.560596648
3,9965.823805,6.369571126
3,9972.193376,4.746234984
3,9976.939611,6.784000521
3,9983.723612,5.641467345
3,9989.365079,5.020871094
3,9994.38595,6.290066815
3,10000.67602,5.395283405
3,10006.0713,6.77840486
3,10012.84971,6.703399209
3,10019.5531,7.09645865
3,10026.64956,5.870680931
3,10032.52024,5.341228529
3,10037.86147,5.502784962
3,10043.36426,5.683657389
3,10049.04791,6.797898851
3,10055.84581,5.225904841
3,10061.07172,4.253186886
3,10065.32491,4.58730626
3,10069.91221,5.186497401
3,10075.09871,6.732937287
3,10081.83165,7.231033131
3,10089.06268,5.784867426
3,10094.84755,5.124721705
3,10099.97227,6.528976265
3,10106.50124,5.535841765
3,10112.03709,4.860010512
3,10116.8971,5.815291429
3,10122.71239,5.528450314
3,10128.24084,6.015580256
3,10134.25642,5.271050869
3,10139.52747,6.514639625
3,10146.04211,7.002485041
3,10153.04459,5.372715051
3,10158.41731,6.366488187
3,10164.7838,4.925424146
3,10169.70922,5.456819304
3,10175.16604,4.739772601
3,10179.90581,7.15039568
3,10187.05621,7.271294201
3,10194.3275,6.842233423
3,10201.16974,5.305489187
3,10206.47523,6.735630617
3,10213.21086,4.377570856
3,10217.58843,7.324735488
3,10224.91316,5.286019743
3,10230.19918,6.648927725
3,10236.84811,8.208575507
3,10245.05669,7.599117774
3,10252.6558,5.693779414
3,10258.34958,4.633501064
3,10262.98308,4.716888637
3,10267.69997,6.567198503
3,10274.26717,5.983805928
3,10280.25098,5.335374652
3,10285.58635,5.909464971
3,10291.49582,5.853771706
3,10297.34959,5.626399014
3,10302.97599,6.51598798
3,10309.49198,5.64052535
3,10315.1325,6.85465378
3,10321.98716,4.61110142
3,10326.59826,6.214222133
3,10332.81248,6.265790176
3,10339.07827,5.798211745
3,10344.87648,6.437925801
3,10351.31441,4.322294731
3,10355.6367,6.22529545
3,10361.862,5.601728161
3,10367.46372,7.769238056
3,10375.23296,5.90374724
3,10381.13671,5.93018118
3,10387.06689,4.624522081
3,10391.69141,6.673658855
3,10398.36507,4.946307485
3,10403.31138,7.147648458
3,10410.45903,5.740696616
3,10416.19972,6.208307475
3,10422.40803,5.820648271
3,10428.22868,5.782165061
3,10434.01085,6.144474279
3,10440.15532,6.73743203
3,10446.89275,6.334217148
3,10453.22697,4.910295049
3,10458.13726,6.327343395
3,10464.46461,6.337877355
3,10470.80248,4.874150245
3,10475.67664,5.548515736
3,10481.22515,5.843919843
3,10487.06907,7.492743181
3,10494.56181,5.220476398
3,10499.78229,4.668569487
3,10504.45086,5.118912749
3,10509.56977,6.695216693
3,10516.26499,7.388752279
3,10523.65374,5.043705729
3,10528.69745,5.995089827
3,10534.69254,6.548415044
3,10541.24095,6.936576922
3,10548.17753,6.479441343
3,10554.65697,4.736201182
3,10559.39317,6.649729241
3,10566.0429,6.604986928
3,10572.64789,5.835899064
3,10578.48379,5.960104599
3,10584.44389,7.343226193
3,10591.78712,4.929076975
3,10596.71619,6.282522159
3,10602.99872,7.648348077
3,10610.64706,5.609963673
3,10616.25703,5.948774562
3,10622.2058,5.364282662
3,10627.57009,6.129892393
3,10633.69998,5.385920886
3,10639.0859,7.38159273
3,10646.46749,4.900195621
3,10651.36769,6.87510865
3,10658.2428,5.719750377
3,10663.96255,5.36839934
3,10669.33095,6.337344966
3,10675.66829,4.327961437
3,10679.99625,6.747094776
3,10686.74335,7.070600445
3,10693.81395,5.173825052
3,10698.98777,7.229671596
3,10706.21744,5.501055251
3,10711.7185,6.395390011
3,10718.11389,6.362613782
3,10724.4765,8.56307236
3,10733.03958,6.958696154
3,10739.99827,9.404125153
3,10749.4024,5.42584898
3,10754.82825,4.665630101
3,10759.49388,7.507189167
3,10767.00106,5.777144847
3,10772.77821,7.32154995
3,10780.09976,5.203300504
3,10785.30306,5.885214496
3,10791.18827,5.100615987
